Workbook
Name Slicer_Department: #N/A
Name Slicer_Gender: #N/A
Name Slicer_OverTime: #N/A

Sheet Dashboard
B2: 1470 | F2: 0.1612 | J2: $6,503 | N2: 7
B5: TOTAL EMPLOYEES | F5: ATTRITION RATE | J5: AVG MONTHLY INCOME | N5: AVG YEARS AT COMPANY

Sheet Raw Data
A1: Age | B1: Attrition | C1: BusinessTravel | D1: DailyRate | E1: Department | F1: DistanceFromHome | G1: Education | H1: EducationField | I1: EmployeeCount | J1: EmployeeNumber | K1: EnvironmentSatisfaction | L1: Gender | M1: HourlyRate | N1: JobInvolvement | O1: JobLevel | P1: JobRole | Q1: JobSatisfaction | R1: MaritalStatus | S1: MonthlyIncome | T1: MonthlyRate | U1: NumCompaniesWorked | V1: Over18 | W1: OverTime | X1: PercentSalaryHike | Y1: PerformanceRating | Z1: RelationshipSatisfaction | AA1: StandardHours | AB1: StockOptionLevel | AC1: TotalWorkingYears | AD1: TrainingTimesLastYear | AE1: WorkLifeBalance | AF1: YearsAtCompany | AG1: YearsInCurrentRole | AH1: YearsSinceLastPromotion | AI1: YearsWithCurrManager | AJ1: AgeGroup | AK1: SalaryBand
A2: 41 | B2: Yes | C2: Travel_Rarely | D2: 1102 | E2: Sales | F2: 1 | G2: 2 | H2: Life Sciences | I2: 1 | J2: 1 | K2: 2 | L2: Female | M2: 94 | N2: 3 | O2: 2 | P2: Sales Executive | Q2: 4 | R2: Single | S2: 5993 | T2: 19479 | U2: 8 | V2: Y | W2: Yes | X2: 11 | Y2: 3 | Z2: 1 | AA2: 80 | AB2: 0 | AC2: 8 | AD2: 0 | AE2: 1 | AF2: 6 | AG2: 4 | AH2: 0 | AI2: 5 | AJ2: {=_xlfn.IFS(A2<=25,"Under 25",A2<=35,"26–35",A2<=45,"36–45",A2>45,"46+")} -> 36–45 | AK2: {=_xlfn.IFS(R2<=3000,"Low",R2<=7000,"Mid",R2<=12000,"High",R2>12000,"Top")} -> Top
A3: 49 | B3: No | C3: Travel_Frequently | D3: 279 | E3: Research & Development | F3: 8 | G3: 1 | H3: Life Sciences | I3: 1 | J3: 2 | K3: 3 | L3: Male | M3: 61 | N3: 2 | O3: 2 | P3: Research Scientist | Q3: 2 | R3: Married | S3: 5130 | T3: 24907 | U3: 1 | V3: Y | W3: No | X3: 23 | Y3: 4 | Z3: 4 | AA3: 80 | AB3: 1 | AC3: 10 | AD3: 3 | AE3: 3 | AF3: 10 | AG3: 7 | AH3: 1 | AI3: 7 | AJ3: {=_xlfn.IFS(A3<=25,"Under 25",A3<=35,"26–35",A3<=45,"36–45",A3>45,"46+")} -> 46+ | AK3: {=_xlfn.IFS(R3<=3000,"Low",R3<=7000,"Mid",R3<=12000,"High",R3>12000,"Top")} -> Top
A4: 37 | B4: Yes | C4: Travel_Rarely | D4: 1373 | E4: Research & Development | F4: 2 | G4: 2 | H4: Other | I4: 1 | J4: 4 | K4: 4 | L4: Male | M4: 92 | N4: 2 | O4: 1 | P4: Laboratory Technician | Q4: 3 | R4: Single | S4: 2090 | T4: 2396 | U4: 6 | V4: Y | W4: Yes | X4: 15 | Y4: 3 | Z4: 2 | AA4: 80 | AB4: 0 | AC4: 7 | AD4: 3 | AE4: 3 | AF4: 0 | AG4: 0 | AH4: 0 | AI4: 0 | AJ4: {=_xlfn.IFS(A4<=25,"Under 25",A4<=35,"26–35",A4<=45,"36–45",A4>45,"46+")} -> 36–45 | AK4: {=_xlfn.IFS(R4<=3000,"Low",R4<=7000,"Mid",R4<=12000,"High",R4>12000,"Top")} -> Top
A5: 33 | B5: No | C5: Travel_Frequently | D5: 1392 | E5: Research & Development | F5: 3 | G5: 4 | H5: Life Sciences | I5: 1 | J5: 5 | K5: 4 | L5: Female | M5: 56 | N5: 3 | O5: 1 | P5: Research Scientist | Q5: 3 | R5: Married | S5: 2909 | T5: 23159 | U5: 1 | V5: Y | W5: Yes | X5: 11 | Y5: 3 | Z5: 3 | AA5: 80 | AB5: 0 | AC5: 8 | AD5: 3 | AE5: 3 | AF5: 8 | AG5: 7 | AH5: 3 | AI5: 0 | AJ5: {=_xlfn.IFS(A5<=25,"Under 25",A5<=35,"26–35",A5<=45,"36–45",A5>45,"46+")} -> 26–35 | AK5: {=_xlfn.IFS(R5<=3000,"Low",R5<=7000,"Mid",R5<=12000,"High",R5>12000,"Top")} -> Top
A6: 27 | B6: No | C6: Travel_Rarely | D6: 591 | E6: Research & Development | F6: 2 | G6: 1 | H6: Medical | I6: 1 | J6: 7 | K6: 1 | L6: Male | M6: 40 | N6: 3 | O6: 1 | P6: Laboratory Technician | Q6: 2 | R6: Married | S6: 3468 | T6: 16632 | U6: 9 | V6: Y | W6: No | X6: 12 | Y6: 3 | Z6: 4 | AA6: 80 | AB6: 1 | AC6: 6 | AD6: 3 | AE6: 3 | AF6: 2 | AG6: 2 | AH6: 2 | AI6: 2 | AJ6: {=_xlfn.IFS(A6<=25,"Under 25",A6<=35,"26–35",A6<=45,"36–45",A6>45,"46+")} -> 26–35 | AK6: {=_xlfn.IFS(R6<=3000,"Low",R6<=7000,"Mid",R6<=12000,"High",R6>12000,"Top")} -> Top
A7: 32 | B7: No | C7: Travel_Frequently | D7: 1005 | E7: Research & Development | F7: 2 | G7: 2 | H7: Life Sciences | I7: 1 | J7: 8 | K7: 4 | L7: Male | M7: 79 | N7: 3 | O7: 1 | P7: Laboratory Technician | Q7: 4 | R7: Single | S7: 3068 | T7: 11864 | U7: 0 | V7: Y | W7: No | X7: 13 | Y7: 3 | Z7: 3 | AA7: 80 | AB7: 0 | AC7: 8 | AD7: 2 | AE7: 2 | AF7: 7 | AG7: 7 | AH7: 3 | AI7: 6 | AJ7: {=_xlfn.IFS(A7<=25,"Under 25",A7<=35,"26–35",A7<=45,"36–45",A7>45,"46+")} -> 26–35 | AK7: {=_xlfn.IFS(R7<=3000,"Low",R7<=7000,"Mid",R7<=12000,"High",R7>12000,"Top")} -> Top
A8: 59 | B8: No | C8: Travel_Rarely | D8: 1324 | E8: Research & Development | F8: 3 | G8: 3 | H8: Medical | I8: 1 | J8: 10 | K8: 3 | L8: Female | M8: 81 | N8: 4 | O8: 1 | P8: Laboratory Technician | Q8: 1 | R8: Married | S8: 2670 | T8: 9964 | U8: 4 | V8: Y | W8: Yes | X8: 20 | Y8: 4 | Z8: 1 | AA8: 80 | AB8: 3 | AC8: 12 | AD8: 3 | AE8: 2 | AF8: 1 | AG8: 0 | AH8: 0 | AI8: 0 | AJ8: {=_xlfn.IFS(A8<=25,"Under 25",A8<=35,"26–35",A8<=45,"36–45",A8>45,"46+")} -> 46+ | AK8: {=_xlfn.IFS(R8<=3000,"Low",R8<=7000,"Mid",R8<=12000,"High",R8>12000,"Top")} -> Top
A9: 30 | B9: No | C9: Travel_Rarely | D9: 1358 | E9: Research & Development | F9: 24 | G9: 1 | H9: Life Sciences | I9: 1 | J9: 11 | K9: 4 | L9: Male | M9: 67 | N9: 3 | O9: 1 | P9: Laboratory Technician | Q9: 3 | R9: Divorced | S9: 2693 | T9: 13335 | U9: 1 | V9: Y | W9: No | X9: 22 | Y9: 4 | Z9: 2 | AA9: 80 | AB9: 1 | AC9: 1 | AD9: 2 | AE9: 3 | AF9: 1 | AG9: 0 | AH9: 0 | AI9: 0 | AJ9: {=_xlfn.IFS(A9<=25,"Under 25",A9<=35,"26–35",A9<=45,"36–45",A9>45,"46+")} -> 26–35 | AK9: {=_xlfn.IFS(R9<=3000,"Low",R9<=7000,"Mid",R9<=12000,"High",R9>12000,"Top")} -> Top
A10: 38 | B10: No | C10: Travel_Frequently | D10: 216 | E10: Research & Development | F10: 23 | G10: 3 | H10: Life Sciences | I10: 1 | J10: 12 | K10: 4 | L10: Male | M10: 44 | N10: 2 | O10: 3 | P10: Manufacturing Director | Q10: 3 | R10: Single | S10: 9526 | T10: 8787 | U10: 0 | V10: Y | W10: No | X10: 21 | Y10: 4 | Z10: 2 | AA10: 80 | AB10: 0 | AC10: 10 | AD10: 2 | AE10: 3 | AF10: 9 | AG10: 7 | AH10: 1 | AI10: 8 | AJ10: {=_xlfn.IFS(A10<=25,"Under 25",A10<=35,"26–35",A10<=45,"36–45",A10>45,"46+")} -> 36–45 | AK10: {=_xlfn.IFS(R10<=3000,"Low",R10<=7000,"Mid",R10<=12000,"High",R10>12000,"Top")} -> Top
A11: 36 | B11: No | C11: Travel_Rarely | D11: 1299 | E11: Research & Development | F11: 27 | G11: 3 | H11: Medical | I11: 1 | J11: 13 | K11: 3 | L11: Male | M11: 94 | N11: 3 | O11: 2 | P11: Healthcare Representative | Q11: 3 | R11: Married | S11: 5237 | T11: 16577 | U11: 6 | V11: Y | W11: No | X11: 13 | Y11: 3 | Z11: 2 | AA11: 80 | AB11: 2 | AC11: 17 | AD11: 3 | AE11: 2 | AF11: 7 | AG11: 7 | AH11: 7 | AI11: 7 | AJ11: {=_xlfn.IFS(A11<=25,"Under 25",A11<=35,"26–35",A11<=45,"36–45",A11>45,"46+")} -> 36–45 | AK11: {=_xlfn.IFS(R11<=3000,"Low",R11<=7000,"Mid",R11<=12000,"High",R11>12000,"Top")} -> Top
A12: 35 | B12: No | C12: Travel_Rarely | D12: 809 | E12: Research & Development | F12: 16 | G12: 3 | H12: Medical | I12: 1 | J12: 14 | K12: 1 | L12: Male | M12: 84 | N12: 4 | O12: 1 | P12: Laboratory Technician | Q12: 2 | R12: Married | S12: 2426 | T12: 16479 | U12: 0 | V12: Y | W12: No | X12: 13 | Y12: 3 | Z12: 3 | AA12: 80 | AB12: 1 | AC12: 6 | AD12: 5 | AE12: 3 | AF12: 5 | AG12: 4 | AH12: 0 | AI12: 3 | AJ12: {=_xlfn.IFS(A12<=25,"Under 25",A12<=35,"26–35",A12<=45,"36–45",A12>45,"46+")} -> 26–35 | AK12: {=_xlfn.IFS(R12<=3000,"Low",R12<=7000,"Mid",R12<=12000,"High",R12>12000,"Top")} -> Top
A13: 29 | B13: No | C13: Travel_Rarely | D13: 153 | E13: Research & Development | F13: 15 | G13: 2 | H13: Life Sciences | I13: 1 | J13: 15 | K13: 4 | L13: Female | M13: 49 | N13: 2 | O13: 2 | P13: Laboratory Technician | Q13: 3 | R13: Single | S13: 4193 | T13: 12682 | U13: 0 | V13: Y | W13: Yes | X13: 12 | Y13: 3 | Z13: 4 | AA13: 80 | AB13: 0 | AC13: 10 | AD13: 3 | AE13: 3 | AF13: 9 | AG13: 5 | AH13: 0 | AI13: 8 | AJ13: {=_xlfn.IFS(A13<=25,"Under 25",A13<=35,"26–35",A13<=45,"36–45",A13>45,"46+")} -> 26–35 | AK13: {=_xlfn.IFS(R13<=3000,"Low",R13<=7000,"Mid",R13<=12000,"High",R13>12000,"Top")} -> Top
... A1471: 34 | B1471: No | C1471: Travel_Rarely | D1471: 628 | E1471: Research & Development | F1471: 8 | G1471: 3 | H1471: Medical | I1471: 1 | J1471: 2068 | K1471: 2 | L1471: Male | M1471: 82 | N1471: 4 | O1471: 2 | P1471: Laboratory Technician | Q1471: 3 | R1471: Married | S1471: 4404 | T1471: 10228 | U1471: 2 | V1471: Y | W1471: No | X1471: 12 | Y1471: 3 | Z1471: 1 | AA1471: 80 | AB1471: 0 | AC1471: 6 | AD1471: 3 | AE1471: 4 | AF1471: 4 | AG1471: 3 | AH1471: 1 | AI1471: 2 | AJ1471: {=_xlfn.IFS(A1471<=25,"Under 25",A1471<=35,"26–35",A1471<=45,"36–45",A1471>45,"46+")} -> 26–35 | AK1471: {=_xlfn.IFS(R1471<=3000,"Low",R1471<=7000,"Mid",R1471<=12000,"High",R1471>12000,"Top")} -> Top
A1473: =COUNTBLANK(A1:A469) -> 0 | B1473: =COUNTBLANK(B1:B469) -> 0 | C1473: =COUNTBLANK(C1:C469) -> 0 | D1473: =COUNTBLANK(D1:D469) -> 0 | E1473: =COUNTBLANK(E1:E469) -> 0 | F1473: =COUNTBLANK(F1:F469) -> 0 | G1473: =COUNTBLANK(G1:G469) -> 0 | H1473: =COUNTBLANK(H1:H469) -> 0 | ... AI1473: =COUNTBLANK(AI1:AI469) -> 0

Sheet Working Data
A1: AgeGroup | B1: Attrition | C1: BusinessTravel | D1: DailyRate | E1: Department | F1: DistanceFromHome | G1: Education | H1: EducationField | I1: EmployeeCount | J1: EmployeeNumber | K1: EnvironmentSatisfaction | L1: Gender | M1: HourlyRate | N1: JobInvolvement | O1: JobLevel | P1: JobRole | Q1: JobSatisfaction | R1: MaritalStatus | S1: MonthlyIncome | T1: MonthlyRate | U1: NumCompaniesWorked | V1: Over18 | W1: OverTime | X1: PercentSalaryHike | Y1: PerformanceRating | Z1: RelationshipSatisfaction | AA1: StandardHours | AB1: StockOptionLevel | AC1: TotalWorkingYears | AD1: TrainingTimesLastYear | AE1: WorkLifeBalance | AF1: YearsAtCompany | AG1: YearsInCurrentRole | AH1: YearsSinceLastPromotion | AI1: YearsWithCurrManager | AJ1: AgeGroup | AK1: SalaryBand
A2: 41 | B2: Yes | C2: Travel_Rarely | D2: 1102 | E2: Sales | F2: 1 | G2: 2 | H2: Life Sciences | I2: 1 | J2: 1 | K2: 2 | L2: Female | M2: 94 | N2: 3 | O2: 2 | P2: Sales Executive | Q2: 4 | R2: Single | S2: 5993 | T2: 19479 | U2: 8 | V2: Y | W2: Yes | X2: 11 | Y2: 3 | Z2: 1 | AA2: 80 | AB2: 0 | AC2: 8 | AD2: 0 | AE2: 1 | AF2: 6 | AG2: 4 | AH2: 0 | AI2: 5 | AJ2: {=_xlfn.IFS(A2<=25,"Under 25",A2<=35,"26–35",A2<=45,"36–45",A2>45,"46+")} -> 36–45 | AK2: {=_xlfn.IFS(S2<=3000,"Low",S2<=7000,"Mid",S2<=12000,"High",S2>12000,"Top")} -> Mid
A3: 49 | B3: No | C3: Travel_Frequently | D3: 279 | E3: Research & Development | F3: 8 | G3: 1 | H3: Life Sciences | I3: 1 | J3: 2 | K3: 3 | L3: Male | M3: 61 | N3: 2 | O3: 2 | P3: Research Scientist | Q3: 2 | R3: Married | S3: 5130 | T3: 24907 | U3: 1 | V3: Y | W3: No | X3: 23 | Y3: 4 | Z3: 4 | AA3: 80 | AB3: 1 | AC3: 10 | AD3: 3 | AE3: 3 | AF3: 10 | AG3: 7 | AH3: 1 | AI3: 7 | AJ3: {=_xlfn.IFS(A3<=25,"Under 25",A3<=35,"26–35",A3<=45,"36–45",A3>45,"46+")} -> 46+ | AK3: {=_xlfn.IFS(S3<=3000,"Low",S3<=7000,"Mid",S3<=12000,"High",S3>12000,"Top")} -> Mid
A4: 37 | B4: Yes | C4: Travel_Rarely | D4: 1373 | E4: Research & Development | F4: 2 | G4: 2 | H4: Other | I4: 1 | J4: 4 | K4: 4 | L4: Male | M4: 92 | N4: 2 | O4: 1 | P4: Laboratory Technician | Q4: 3 | R4: Single | S4: 2090 | T4: 2396 | U4: 6 | V4: Y | W4: Yes | X4: 15 | Y4: 3 | Z4: 2 | AA4: 80 | AB4: 0 | AC4: 7 | AD4: 3 | AE4: 3 | AF4: 0 | AG4: 0 | AH4: 0 | AI4: 0 | AJ4: {=_xlfn.IFS(A4<=25,"Under 25",A4<=35,"26–35",A4<=45,"36–45",A4>45,"46+")} -> 36–45 | AK4: {=_xlfn.IFS(S4<=3000,"Low",S4<=7000,"Mid",S4<=12000,"High",S4>12000,"Top")} -> Low
A5: 33 | B5: No | C5: Travel_Frequently | D5: 1392 | E5: Research & Development | F5: 3 | G5: 4 | H5: Life Sciences | I5: 1 | J5: 5 | K5: 4 | L5: Female | M5: 56 | N5: 3 | O5: 1 | P5: Research Scientist | Q5: 3 | R5: Married | S5: 2909 | T5: 23159 | U5: 1 | V5: Y | W5: Yes | X5: 11 | Y5: 3 | Z5: 3 | AA5: 80 | AB5: 0 | AC5: 8 | AD5: 3 | AE5: 3 | AF5: 8 | AG5: 7 | AH5: 3 | AI5: 0 | AJ5: {=_xlfn.IFS(A5<=25,"Under 25",A5<=35,"26–35",A5<=45,"36–45",A5>45,"46+")} -> 26–35 | AK5: {=_xlfn.IFS(S5<=3000,"Low",S5<=7000,"Mid",S5<=12000,"High",S5>12000,"Top")} -> Low
A6: 27 | B6: No | C6: Travel_Rarely | D6: 591 | E6: Research & Development | F6: 2 | G6: 1 | H6: Medical | I6: 1 | J6: 7 | K6: 1 | L6: Male | M6: 40 | N6: 3 | O6: 1 | P6: Laboratory Technician | Q6: 2 | R6: Married | S6: 3468 | T6: 16632 | U6: 9 | V6: Y | W6: No | X6: 12 | Y6: 3 | Z6: 4 | AA6: 80 | AB6: 1 | AC6: 6 | AD6: 3 | AE6: 3 | AF6: 2 | AG6: 2 | AH6: 2 | AI6: 2 | AJ6: {=_xlfn.IFS(A6<=25,"Under 25",A6<=35,"26–35",A6<=45,"36–45",A6>45,"46+")} -> 26–35 | AK6: {=_xlfn.IFS(S6<=3000,"Low",S6<=7000,"Mid",S6<=12000,"High",S6>12000,"Top")} -> Mid
A7: 32 | B7: No | C7: Travel_Frequently | D7: 1005 | E7: Research & Development | F7: 2 | G7: 2 | H7: Life Sciences | I7: 1 | J7: 8 | K7: 4 | L7: Male | M7: 79 | N7: 3 | O7: 1 | P7: Laboratory Technician | Q7: 4 | R7: Single | S7: 3068 | T7: 11864 | U7: 0 | V7: Y | W7: No | X7: 13 | Y7: 3 | Z7: 3 | AA7: 80 | AB7: 0 | AC7: 8 | AD7: 2 | AE7: 2 | AF7: 7 | AG7: 7 | AH7: 3 | AI7: 6 | AJ7: {=_xlfn.IFS(A7<=25,"Under 25",A7<=35,"26–35",A7<=45,"36–45",A7>45,"46+")} -> 26–35 | AK7: {=_xlfn.IFS(S7<=3000,"Low",S7<=7000,"Mid",S7<=12000,"High",S7>12000,"Top")} -> Mid
A8: 59 | B8: No | C8: Travel_Rarely | D8: 1324 | E8: Research & Development | F8: 3 | G8: 3 | H8: Medical | I8: 1 | J8: 10 | K8: 3 | L8: Female | M8: 81 | N8: 4 | O8: 1 | P8: Laboratory Technician | Q8: 1 | R8: Married | S8: 2670 | T8: 9964 | U8: 4 | V8: Y | W8: Yes | X8: 20 | Y8: 4 | Z8: 1 | AA8: 80 | AB8: 3 | AC8: 12 | AD8: 3 | AE8: 2 | AF8: 1 | AG8: 0 | AH8: 0 | AI8: 0 | AJ8: {=_xlfn.IFS(A8<=25,"Under 25",A8<=35,"26–35",A8<=45,"36–45",A8>45,"46+")} -> 46+ | AK8: {=_xlfn.IFS(S8<=3000,"Low",S8<=7000,"Mid",S8<=12000,"High",S8>12000,"Top")} -> Low
A9: 30 | B9: No | C9: Travel_Rarely | D9: 1358 | E9: Research & Development | F9: 24 | G9: 1 | H9: Life Sciences | I9: 1 | J9: 11 | K9: 4 | L9: Male | M9: 67 | N9: 3 | O9: 1 | P9: Laboratory Technician | Q9: 3 | R9: Divorced | S9: 2693 | T9: 13335 | U9: 1 | V9: Y | W9: No | X9: 22 | Y9: 4 | Z9: 2 | AA9: 80 | AB9: 1 | AC9: 1 | AD9: 2 | AE9: 3 | AF9: 1 | AG9: 0 | AH9: 0 | AI9: 0 | AJ9: {=_xlfn.IFS(A9<=25,"Under 25",A9<=35,"26–35",A9<=45,"36–45",A9>45,"46+")} -> 26–35 | AK9: {=_xlfn.IFS(S9<=3000,"Low",S9<=7000,"Mid",S9<=12000,"High",S9>12000,"Top")} -> Low
A10: 38 | B10: No | C10: Travel_Frequently | D10: 216 | E10: Research & Development | F10: 23 | G10: 3 | H10: Life Sciences | I10: 1 | J10: 12 | K10: 4 | L10: Male | M10: 44 | N10: 2 | O10: 3 | P10: Manufacturing Director | Q10: 3 | R10: Single | S10: 9526 | T10: 8787 | U10: 0 | V10: Y | W10: No | X10: 21 | Y10: 4 | Z10: 2 | AA10: 80 | AB10: 0 | AC10: 10 | AD10: 2 | AE10: 3 | AF10: 9 | AG10: 7 | AH10: 1 | AI10: 8 | AJ10: {=_xlfn.IFS(A10<=25,"Under 25",A10<=35,"26–35",A10<=45,"36–45",A10>45,"46+")} -> 36–45 | AK10: {=_xlfn.IFS(S10<=3000,"Low",S10<=7000,"Mid",S10<=12000,"High",S10>12000,"Top")} -> High
A11: 36 | B11: No | C11: Travel_Rarely | D11: 1299 | E11: Research & Development | F11: 27 | G11: 3 | H11: Medical | I11: 1 | J11: 13 | K11: 3 | L11: Male | M11: 94 | N11: 3 | O11: 2 | P11: Healthcare Representative | Q11: 3 | R11: Married | S11: 5237 | T11: 16577 | U11: 6 | V11: Y | W11: No | X11: 13 | Y11: 3 | Z11: 2 | AA11: 80 | AB11: 2 | AC11: 17 | AD11: 3 | AE11: 2 | AF11: 7 | AG11: 7 | AH11: 7 | AI11: 7 | AJ11: {=_xlfn.IFS(A11<=25,"Under 25",A11<=35,"26–35",A11<=45,"36–45",A11>45,"46+")} -> 36–45 | AK11: {=_xlfn.IFS(S11<=3000,"Low",S11<=7000,"Mid",S11<=12000,"High",S11>12000,"Top")} -> Mid
A12: 35 | B12: No | C12: Travel_Rarely | D12: 809 | E12: Research & Development | F12: 16 | G12: 3 | H12: Medical | I12: 1 | J12: 14 | K12: 1 | L12: Male | M12: 84 | N12: 4 | O12: 1 | P12: Laboratory Technician | Q12: 2 | R12: Married | S12: 2426 | T12: 16479 | U12: 0 | V12: Y | W12: No | X12: 13 | Y12: 3 | Z12: 3 | AA12: 80 | AB12: 1 | AC12: 6 | AD12: 5 | AE12: 3 | AF12: 5 | AG12: 4 | AH12: 0 | AI12: 3 | AJ12: {=_xlfn.IFS(A12<=25,"Under 25",A12<=35,"26–35",A12<=45,"36–45",A12>45,"46+")} -> 26–35 | AK12: {=_xlfn.IFS(S12<=3000,"Low",S12<=7000,"Mid",S12<=12000,"High",S12>12000,"Top")} -> Low
A13: 29 | B13: No | C13: Travel_Rarely | D13: 153 | E13: Research & Development | F13: 15 | G13: 2 | H13: Life Sciences | I13: 1 | J13: 15 | K13: 4 | L13: Female | M13: 49 | N13: 2 | O13: 2 | P13: Laboratory Technician | Q13: 3 | R13: Single | S13: 4193 | T13: 12682 | U13: 0 | V13: Y | W13: Yes | X13: 12 | Y13: 3 | Z13: 4 | AA13: 80 | AB13: 0 | AC13: 10 | AD13: 3 | AE13: 3 | AF13: 9 | AG13: 5 | AH13: 0 | AI13: 8 | AJ13: {=_xlfn.IFS(A13<=25,"Under 25",A13<=35,"26–35",A13<=45,"36–45",A13>45,"46+")} -> 26–35 | AK13: {=_xlfn.IFS(S13<=3000,"Low",S13<=7000,"Mid",S13<=12000,"High",S13>12000,"Top")} -> Mid
... A1471: 34 | B1471: No | C1471: Travel_Rarely | D1471: 628 | E1471: Research & Development | F1471: 8 | G1471: 3 | H1471: Medical | I1471: 1 | J1471: 2068 | K1471: 2 | L1471: Male | M1471: 82 | N1471: 4 | O1471: 2 | P1471: Laboratory Technician | Q1471: 3 | R1471: Married | S1471: 4404 | T1471: 10228 | U1471: 2 | V1471: Y | W1471: No | X1471: 12 | Y1471: 3 | Z1471: 1 | AA1471: 80 | AB1471: 0 | AC1471: 6 | AD1471: 3 | AE1471: 4 | AF1471: 4 | AG1471: 3 | AH1471: 1 | AI1471: 2 | AJ1471: {=_xlfn.IFS(A1471<=25,"Under 25",A1471<=35,"26–35",A1471<=45,"36–45",A1471>45,"46+")} -> 26–35 | AK1471: {=_xlfn.IFS(S1471<=3000,"Low",S1471<=7000,"Mid",S1471<=12000,"High",S1471>12000,"Top")} -> Mid

Sheet Analysis
A1: Question | B1: Answers
A2: How many Employees Left? | B2: =COUNTIF('Working Data'!B:B, "Yes") -> 237
A3: Attrition Rate | B3: =COUNTIF('Working Data'!B:B, "Yes") / (COUNTA('Working Data'!B:B) - 1) -> 0.16122449
A4: Avg Salary of Employees Who Left? | B4: =AVERAGEIF('Working Data'!B:B,"Yes",'Working Data'!S:S) -> 4787.0928
A5: Avg Salary of Employees Who Stayed? | B5: =AVERAGEIF('Working Data'!B:B,"No",'Working Data'!S:S) -> 6832.7397
A7: Department | B7: Employees Left
A8: Sales | B8: =COUNTIFS('Working Data'!E:E, "Sales", 'Working Data'!B:B, "Yes") -> 92
A9: Research & Development | B9: =COUNTIFS('Working Data'!E:E, "Research & Development", 'Working Data'!B:B, "Yes") -> 133
A10: Human Resources | B10: =COUNTIFS('Working Data'!E:E, "Human Resources", 'Working Data'!B:B, "Yes") -> 12
A12: Enter Employee ID | B12: Department Result
A13: 7 | B13: =INDEX('Working Data'!E:E, MATCH(A13, 'Working Data'!J:J, 0)) -> Research & Development
A14: 11 | B14: =INDEX('Working Data'!E:E, MATCH(A14, 'Working Data'!J:J, 0)) -> Research & Development
A15: 23 | B15: =INDEX('Working Data'!E:E, MATCH(A15, 'Working Data'!J:J, 0)) -> Sales
A16: 424 | B16: =INDEX('Working Data'!E:E, MATCH(A16, 'Working Data'!J:J, 0)) -> Human Resources
A17: 1 | B17: =INDEX('Working Data'!E:E, MATCH(A17, 'Working Data'!J:J, 0)) -> Sales
A19: Sales Leavers Avg Satisfaction | B19: =AVERAGEIFS('Working Data'!K:K, 'Working Data'!E:E, "Sales", 'Working Data'!B:B, "Yes") -> 2.4673913
A20: Sales Stayers Avg Satisfaction | B20: =AVERAGEIFS('Working Data'!K:K, 'Working Data'!E:E, "Sales", 'Working Data'!B:B, "No") -> 2.7344633

Sheet Pivot 1
A3: Count of EmployeeNumber | B3: Column Labels
A4: Row Labels | B4: No | C4: Yes | D4: Grand Total
A5: Human Resources | B5: 0.80952381 | C5: 0.19047619 | D5: 1
A6: Research & Development | B6: 0.8616025 | C6: 0.1383975 | D6: 1
A7: Sales | B7: 0.79372197 | C7: 0.20627803 | D7: 1
A8: Grand Total | B8: 0.83877551 | C8: 0.16122449 | D8: 1

Sheet Pivot 2
A1: Attrition | B1: Yes
A3: Row Labels | B3: Count of Attrition
A4: 26–35 | B4: 116
A5: 36–45 | B5: 43
A6: 46+ | B6: 34
A7: Under 25 | B7: 44
A8: Grand Total | B8: 237

Sheet Pivot 3
A3: Row Labels | B3: Average of MonthlyIncome
A4: Manager | B4: 17181.676
A5: Research Director | B5: 16033.55
A6: Healthcare Representative | B6: 7528.7634
A7: Manufacturing Director | B7: 7295.1379
A8: Sales Executive | B8: 6924.2791
A9: Human Resources | B9: 4235.75
A10: Research Scientist | B10: 3239.9726
A11: Laboratory Technician | B11: 3237.1699
A12: Sales Representative | B12: 2626
A13: Grand Total | B13: 6502.9313

Sheet Pivot 4
A3: Count of EmployeeNumber | B3: Column Labels
A4: Row Labels | B4: No | C4: Yes | D4: Grand Total
A5: No | B5: 0.89563567 | C5: 0.10436433 | D5: 1
A6: Yes | B6: 0.69471154 | C6: 0.30528846 | D6: 1
A7: Grand Total | B7: 0.83877551 | C7: 0.16122449 | D7: 1
